{"columns":["Unnamed: 0","Unnamed: 0.1","danceability","energy","key","loudness","mode","speechiness","acousticness","instrumentalness","liveness","valence","tempo","type","duration_ms","time_signature","genre","song_name","title","text_feature"],"index":[3090,9214,9256,10564,11591,10132,10417,8390,2745,3726],"data":[[19104,19104,0.636,0.61,8,-9.665,1,0.119,0.25,0.000121,0.113,0.296,125.227,"audio_features",260160,3,"Hiphop","Jazz",null," Jazz"],[9489,9489,0.908,0.535,7,-8.509,0,0.292,0.632,0.0,0.214,0.271,115.016,"audio_features",186613,4,"Underground Rap","Purge",null," Purge"],[18957,18957,0.926,0.851,4,-5.435,0,0.0907,0.0962,0.00017,0.113,0.838,117.556,"audio_features",263267,4,"Hiphop","Bust A Move",null," Bust A Move"],[9531,9531,0.847,0.444,8,-10.167,0,0.492,0.336,0.0,0.0996,0.667,115.042,"audio_features",117943,4,"Underground Rap","2z Don Corleon",null," 2z Don Corleon"],[39920,39920,0.382,0.921,9,null,0,0.0707,0.0144,0.00000767,0.444,0.213,149.963,"audio_features",174084,4,"hardstyle",null,"Euphoric Hardstyle - 2020","Euphoric Hardstyle - 2020 "],[33652,33652,0.533,0.994,7,-0.904,1,0.272,0.00172,0.752,0.303,0.32,149.947,"audio_features",224000,4,"trap",null,"Riddim Dubstep 2017-2018-2019","Riddim Dubstep 2017-2018-2019 "],[11518,11518,0.783,0.761,1,null,1,0.0922,0.103,0.00000817,0.0635,0.473,188.032,"audio_features",245106,4,"Trap Metal","Kill the Rich",null," Kill the Rich"],[19852,19852,0.897,0.559,11,-8.268,1,0.379,0.155,0.000127,0.296,0.677,106.991,"audio_features",264400,4,"Hiphop","Kill You",null," Kill You"],[17653,17653,0.639,0.633,3,-7.338,0,0.0352,0.574,0.000218,0.111,0.243,129.996,"audio_features",258453,4,"RnB","Twenty Eight",null," Twenty Eight"],[19232,19232,0.774,0.789,10,-6.676,0,0.371,0.699,0.0,0.104,0.724,190.04,"audio_features",257920,4,"Hiphop","NO CD",null," NO CD"]]}